csv_name,count_zeros,count_ones,total_length
Gemma-3-1B-IT-DA-SynthDolly-E1-S73-PREFT_DA_translated_eval_detailed.csv,373,67,440
Gemma-3-1B-IT-DA-SynthDolly-E1-S73_DA_translated_eval_detailed.csv,294,146,440
Gemma-3-1B-IT-DA-SynthDolly-E3-S73-PREFT_DA_translated_eval_detailed.csv,368,72,440
Gemma-3-1B-IT-DA-SynthDolly-E3-S73_DA_translated_eval_detailed.csv,227,213,440
Gemma-3-1B-IT-DA-SynthDolly-E5-S73-PREFT_DA_translated_eval_detailed.csv,360,80,440
Gemma-3-1B-IT-DA-SynthDolly-E5-S73_DA_translated_eval_detailed.csv,230,210,440
Gemma-3-1B-IT-EL-SynthDolly-E1-S73-PREFT_EL_translated_eval_detailed.csv,370,70,440
Gemma-3-1B-IT-EL-SynthDolly-E1-S73_EL_translated_eval_detailed.csv,305,135,440
Gemma-3-1B-IT-EL-SynthDolly-E3-S73-PREFT_EL_translated_eval_detailed.csv,374,66,440
Gemma-3-1B-IT-EL-SynthDolly-E3-S73_EL_translated_eval_detailed.csv,265,175,440
Gemma-3-1B-IT-EL-SynthDolly-E5-S73-PREFT_EL_translated_eval_detailed.csv,371,69,440
Gemma-3-1B-IT-EL-SynthDolly-E5-S73_EL_translated_eval_detailed.csv,244,196,440
Gemma-3-1B-IT-ES-SynthDolly-E1-S73-PREFT_ES_translated_eval_detailed.csv,377,63,440
Gemma-3-1B-IT-ES-SynthDolly-E1-S73_ES_translated_eval_detailed.csv,248,192,440
Gemma-3-1B-IT-ES-SynthDolly-E3-S73-PREFT_ES_translated_eval_detailed.csv,374,66,440
Gemma-3-1B-IT-ES-SynthDolly-E3-S73_ES_translated_eval_detailed.csv,192,248,440
Gemma-3-1B-IT-GA-SynthDolly-E1-S73-PREFT_GA_translated_eval_detailed.csv,401,39,440
Gemma-3-1B-IT-GA-SynthDolly-E1-S73_GA_translated_eval_detailed.csv,417,23,440
Gemma-3-1B-IT-GA-SynthDolly-E3-S73-PREFT_GA_translated_eval_detailed.csv,396,44,440
Gemma-3-1B-IT-GA-SynthDolly-E3-S73_GA_translated_eval_detailed.csv,419,21,440
Gemma-3-1B-IT-GA-SynthDolly-E5-S73-PREFT_GA_translated_eval_detailed.csv,397,43,440
Gemma-3-1B-IT-GA-SynthDolly-E5-S73_GA_translated_eval_detailed.csv,408,32,440
Gemma-3-1B-IT-HI-SynthDolly-E1-S73-PREFT_HI_translated_eval_detailed.csv,362,78,440
Gemma-3-1B-IT-HI-SynthDolly-E1-S73_HI_translated_eval_detailed.csv,249,191,440
Gemma-3-1B-IT-HI-SynthDolly-E3-S73-PREFT_HI_translated_eval_detailed.csv,367,73,440
Gemma-3-1B-IT-HI-SynthDolly-E3-S73_HI_translated_eval_detailed.csv,249,191,440
Gemma-3-1B-IT-PT-SynthDolly-E1-S73-PREFT_PT_translated_eval_detailed.csv,353,87,440
Gemma-3-1B-IT-PT-SynthDolly-E1-S73_PT_translated_eval_detailed.csv,233,207,440
Gemma-3-1B-IT-PT-SynthDolly-E3-S73-PREFT_PT_translated_eval_detailed.csv,350,90,440
Gemma-3-1B-IT-PT-SynthDolly-E3-S73_PT_translated_eval_detailed.csv,210,230,440
Gemma-3-1B-IT-PT-SynthDolly-E5-S73-PREFT_PT_translated_eval_detailed.csv,359,81,440
Gemma-3-1B-IT-PT-SynthDolly-E5-S73_PT_translated_eval_detailed.csv,189,251,440
Gemma-3-1B-IT-TL-SynthDolly-E1-S73-PREFT_TL_translated_eval_detailed.csv,361,79,440
Gemma-3-1B-IT-TL-SynthDolly-E1-S73_TL_translated_eval_detailed.csv,296,144,440
Gemma-3-1B-IT-TL-SynthDolly-E3-S73-PREFT_TL_translated_eval_detailed.csv,349,91,440
Gemma-3-1B-IT-TL-SynthDolly-E3-S73_TL_translated_eval_detailed.csv,252,188,440
Gemma-3-1B-IT-ZH-SynthDolly-E1-S73-PREFT_ZH_translated_eval_detailed.csv,375,65,440
Gemma-3-1B-IT-ZH-SynthDolly-E1-S73_ZH_translated_eval_detailed.csv,267,173,440
Gemma-3-1B-IT-ZH-SynthDolly-E3-S73-PREFT_ZH_translated_eval_detailed.csv,386,54,440
Gemma-3-1B-IT-ZH-SynthDolly-E3-S73_ZH_translated_eval_detailed.csv,230,210,440
Gemma-3-1B-IT-ZH-SynthDolly-E5-S73-PREFT_ZH_translated_eval_detailed.csv,370,70,440
Gemma-3-1B-IT-ZH-SynthDolly-E5-S73_ZH_translated_eval_detailed.csv,227,213,440
Gemma-3-4B-IT-DA-SynthDolly-E1-S73-PREFT_DA_translated_eval_detailed.csv,388,52,440
Gemma-3-4B-IT-DA-SynthDolly-E1-S73_DA_translated_eval_detailed.csv,361,79,440
Gemma-3-4B-IT-DA-SynthDolly-E3-S73-PREFT_DA_translated_eval_detailed.csv,383,57,440
Gemma-3-4B-IT-DA-SynthDolly-E3-S73_DA_translated_eval_detailed.csv,272,168,440
Gemma-3-4B-IT-EL-SynthDolly-E1-S73-PREFT_EL_translated_eval_detailed.csv,383,57,440
Gemma-3-4B-IT-EL-SynthDolly-E1-S73_EL_translated_eval_detailed.csv,360,80,440
Gemma-3-4B-IT-EL-SynthDolly-E3-S73-PREFT_EL_translated_eval_detailed.csv,381,59,440
Gemma-3-4B-IT-EL-SynthDolly-E3-S73_EL_translated_eval_detailed.csv,292,148,440
Gemma-3-4B-IT-ES-SynthDolly-E1-S73-PREFT_ES_translated_eval_detailed.csv,376,64,440
Gemma-3-4B-IT-ES-SynthDolly-E1-S73_ES_translated_eval_detailed.csv,305,135,440
Gemma-3-4B-IT-ES-SynthDolly-E3-S73-PREFT_ES_translated_eval_detailed.csv,370,70,440
Gemma-3-4B-IT-ES-SynthDolly-E3-S73_ES_translated_eval_detailed.csv,215,225,440
Gemma-3-4B-IT-GA-SynthDolly-E1-S73-PREFT_GA_translated_eval_detailed.csv,381,59,440
Gemma-3-4B-IT-GA-SynthDolly-E1-S73_GA_translated_eval_detailed.csv,399,41,440
Gemma-3-4B-IT-GA-SynthDolly-E3-S73-PREFT_GA_translated_eval_detailed.csv,390,50,440
Gemma-3-4B-IT-GA-SynthDolly-E3-S73_GA_translated_eval_detailed.csv,379,61,440
Gemma-3-4B-IT-HI-SynthDolly-E1-S73-PREFT_HI_translated_eval_detailed.csv,383,57,440
Gemma-3-4B-IT-HI-SynthDolly-E1-S73_HI_translated_eval_detailed.csv,326,114,440
Gemma-3-4B-IT-HI-SynthDolly-E3-S73-PREFT_HI_translated_eval_detailed.csv,385,55,440
Gemma-3-4B-IT-HI-SynthDolly-E3-S73_HI_translated_eval_detailed.csv,260,180,440
Gemma-3-4B-IT-PT-SynthDolly-E1-S73-PREFT_PT_translated_eval_detailed.csv,372,68,440
Gemma-3-4B-IT-PT-SynthDolly-E1-S73_PT_translated_eval_detailed.csv,309,131,440
Gemma-3-4B-IT-PT-SynthDolly-E3-S73-PREFT_PT_translated_eval_detailed.csv,355,85,440
Gemma-3-4B-IT-PT-SynthDolly-E3-S73_PT_translated_eval_detailed.csv,241,199,440
Gemma-3-4B-IT-TL-SynthDolly-E1-S73-PREFT_TL_translated_eval_detailed.csv,373,67,440
Gemma-3-4B-IT-TL-SynthDolly-E1-S73_TL_translated_eval_detailed.csv,300,140,440
Gemma-3-4B-IT-TL-SynthDolly-E3-S73-PREFT_TL_translated_eval_detailed.csv,378,62,440
Gemma-3-4B-IT-TL-SynthDolly-E3-S73_TL_translated_eval_detailed.csv,258,182,440
Gemma-3-4B-IT-ZH-SynthDolly-E1-S73-PREFT_ZH_translated_eval_detailed.csv,379,61,440
Gemma-3-4B-IT-ZH-SynthDolly-E1-S73_ZH_translated_eval_detailed.csv,352,88,440
Gemma-3-4B-IT-ZH-SynthDolly-E3-S73-PREFT_ZH_translated_eval_detailed.csv,380,60,440
Gemma-3-4B-IT-ZH-SynthDolly-E3-S73_ZH_translated_eval_detailed.csv,273,167,440
Llama-3.1-8B-Instruct-DA-SynthDolly-E3-S73-PREFT_DA_translated_eval_detailed.csv,347,93,440
Llama-3.1-8B-Instruct-DA-SynthDolly-E3-S73_DA_translated_eval_detailed.csv,304,136,440
Llama-3.1-8B-Instruct-EL-SynthDolly-E1-S73-PREFT_EL_translated_eval_detailed.csv,376,64,440
Llama-3.1-8B-Instruct-EL-SynthDolly-E1-S73_EL_translated_eval_detailed.csv,369,71,440
Llama-3.1-8B-Instruct-EL-SynthDolly-E3-S73-PREFT_EL_translated_eval_detailed.csv,374,66,440
Llama-3.1-8B-Instruct-EL-SynthDolly-E3-S73_EL_translated_eval_detailed.csv,382,58,440
Llama-3.1-8B-Instruct-ES-SynthDolly-E1-S73-PREFT_ES_translated_eval_detailed.csv,403,37,440
Llama-3.1-8B-Instruct-ES-SynthDolly-E1-S73_ES_translated_eval_detailed.csv,356,84,440
Llama-3.1-8B-Instruct-ES-SynthDolly-E3-S73-PREFT_ES_translated_eval_detailed.csv,398,42,440
Llama-3.1-8B-Instruct-ES-SynthDolly-E3-S73_ES_translated_eval_detailed.csv,303,137,440
Llama-3.1-8B-Instruct-GA-SynthDolly-E1-S73-PREFT_GA_translated_eval_detailed.csv,350,90,440
Llama-3.1-8B-Instruct-GA-SynthDolly-E1-S73_GA_translated_eval_detailed.csv,379,61,440
Llama-3.1-8B-Instruct-GA-SynthDolly-E3-S73-PREFT_GA_translated_eval_detailed.csv,364,76,440
Llama-3.1-8B-Instruct-GA-SynthDolly-E3-S73_GA_translated_eval_detailed.csv,388,52,440
Llama-3.1-8B-Instruct-HI-SynthDolly-E3-S73-PREFT_HI_translated_eval_detailed.csv,294,146,440
Llama-3.1-8B-Instruct-HI-SynthDolly-E3-S73_HI_translated_eval_detailed.csv,320,120,440
Llama-3.1-8B-Instruct-TL-SynthDolly-E1-S73-PREFT_TL_translated_eval_detailed.csv,323,117,440
Llama-3.1-8B-Instruct-TL-SynthDolly-E1-S73_TL_translated_eval_detailed.csv,346,94,440
Llama-3.1-8B-Instruct-TL-SynthDolly-E3-S73-PREFT_TL_translated_eval_detailed.csv,302,138,440
Llama-3.1-8B-Instruct-TL-SynthDolly-E3-S73_TL_translated_eval_detailed.csv,327,113,440
Llama-3.1-8B-Instruct-ZH-SynthDolly-E1-S73-PREFT_ZH_translated_eval_detailed.csv,394,46,440
Llama-3.1-8B-Instruct-ZH-SynthDolly-E1-S73_ZH_translated_eval_detailed.csv,365,75,440
Llama-3.1-8B-Instruct-ZH-SynthDolly-E3-S73-PREFT_ZH_translated_eval_detailed.csv,394,46,440
Llama-3.1-8B-Instruct-ZH-SynthDolly-E3-S73_ZH_translated_eval_detailed.csv,365,75,440
Llama-3.2-1B-Instruct-DA-SynthDolly-E1-S73-PREFT_DA_translated_eval_detailed.csv,366,74,440
Llama-3.2-1B-Instruct-DA-SynthDolly-E1-S73_DA_translated_eval_detailed.csv,355,85,440
Llama-3.2-1B-Instruct-DA-SynthDolly-E3-S73-PREFT_DA_translated_eval_detailed.csv,386,54,440
Llama-3.2-1B-Instruct-DA-SynthDolly-E3-S73_DA_translated_eval_detailed.csv,366,74,440
Llama-3.2-1B-Instruct-DA-SynthDolly-E5-S73-PREFT_DA_translated_eval_detailed.csv,360,80,440
Llama-3.2-1B-Instruct-DA-SynthDolly-E5-S73_DA_translated_eval_detailed.csv,369,71,440
Llama-3.2-1B-Instruct-EL-SynthDolly-E1-S73-PREFT_EL_translated_eval_detailed.csv,360,80,440
Llama-3.2-1B-Instruct-EL-SynthDolly-E1-S73_EL_translated_eval_detailed.csv,362,78,440
Llama-3.2-1B-Instruct-EL-SynthDolly-E3-S73-PREFT_EL_translated_eval_detailed.csv,356,84,440
Llama-3.2-1B-Instruct-EL-SynthDolly-E3-S73_EL_translated_eval_detailed.csv,393,47,440
Llama-3.2-1B-Instruct-EL-SynthDolly-E5-S73-PREFT_EL_translated_eval_detailed.csv,350,90,440
Llama-3.2-1B-Instruct-EL-SynthDolly-E5-S73_EL_translated_eval_detailed.csv,406,34,440
Llama-3.2-1B-Instruct-ES-SynthDolly-E1-S73-PREFT_ES_translated_eval_detailed.csv,362,78,440
Llama-3.2-1B-Instruct-ES-SynthDolly-E1-S73_ES_translated_eval_detailed.csv,306,134,440
Llama-3.2-1B-Instruct-ES-SynthDolly-E3-S73-PREFT_ES_translated_eval_detailed.csv,365,75,440
Llama-3.2-1B-Instruct-ES-SynthDolly-E3-S73_ES_translated_eval_detailed.csv,318,122,440
Llama-3.2-1B-Instruct-ES-SynthDolly-E5-S73-PREFT_ES_translated_eval_detailed.csv,373,67,440
Llama-3.2-1B-Instruct-ES-SynthDolly-E5-S73_ES_translated_eval_detailed.csv,336,104,440
Llama-3.2-1B-Instruct-GA-SynthDolly-E1-S73-PREFT_GA_translated_eval_detailed.csv,412,28,440
Llama-3.2-1B-Instruct-GA-SynthDolly-E1-S73_GA_translated_eval_detailed.csv,417,23,440
Llama-3.2-1B-Instruct-GA-SynthDolly-E3-S73-PREFT_GA_translated_eval_detailed.csv,406,34,440
Llama-3.2-1B-Instruct-GA-SynthDolly-E3-S73_GA_translated_eval_detailed.csv,420,20,440
Llama-3.2-1B-Instruct-GA-SynthDolly-E5-S73-PREFT_GA_translated_eval_detailed.csv,419,21,440
Llama-3.2-1B-Instruct-GA-SynthDolly-E5-S73_GA_translated_eval_detailed.csv,421,19,440
Llama-3.2-1B-Instruct-HI-SynthDolly-E1-S73-PREFT_HI_translated_eval_detailed.csv,338,102,440
Llama-3.2-1B-Instruct-HI-SynthDolly-E1-S73_HI_translated_eval_detailed.csv,340,100,440
Llama-3.2-1B-Instruct-HI-SynthDolly-E3-S73-PREFT_HI_translated_eval_detailed.csv,340,100,440
Llama-3.2-1B-Instruct-HI-SynthDolly-E3-S73_HI_translated_eval_detailed.csv,376,64,440
Llama-3.2-1B-Instruct-HI-SynthDolly-E5-S73-PREFT_HI_translated_eval_detailed.csv,343,97,440
Llama-3.2-1B-Instruct-HI-SynthDolly-E5-S73_HI_translated_eval_detailed.csv,404,36,440
Llama-3.2-1B-Instruct-PT-SynthDolly-E1-S73-PREFT_PT_translated_eval_detailed.csv,365,75,440
Llama-3.2-1B-Instruct-PT-SynthDolly-E1-S73_PT_translated_eval_detailed.csv,321,119,440
Llama-3.2-1B-Instruct-PT-SynthDolly-E3-S73-PREFT_PT_translated_eval_detailed.csv,362,78,440
Llama-3.2-1B-Instruct-PT-SynthDolly-E3-S73_PT_translated_eval_detailed.csv,314,126,440
Llama-3.2-1B-Instruct-PT-SynthDolly-E5-S73-PREFT_PT_translated_eval_detailed.csv,365,75,440
Llama-3.2-1B-Instruct-PT-SynthDolly-E5-S73_PT_translated_eval_detailed.csv,332,108,440
Llama-3.2-1B-Instruct-TL-SynthDolly-E1-S73-PREFT_TL_translated_eval_detailed.csv,367,73,440
Llama-3.2-1B-Instruct-TL-SynthDolly-E1-S73_TL_translated_eval_detailed.csv,381,59,440
Llama-3.2-1B-Instruct-TL-SynthDolly-E3-S73-PREFT_TL_translated_eval_detailed.csv,373,67,440
Llama-3.2-1B-Instruct-TL-SynthDolly-E3-S73_TL_translated_eval_detailed.csv,378,62,440
Llama-3.2-1B-Instruct-TL-SynthDolly-E5-S73-PREFT_TL_translated_eval_detailed.csv,351,89,440
Llama-3.2-1B-Instruct-TL-SynthDolly-E5-S73_TL_translated_eval_detailed.csv,399,41,440
Llama-3.2-1B-Instruct-ZH-SynthDolly-E1-S73-PREFT_ZH_translated_eval_detailed.csv,367,73,440
Llama-3.2-1B-Instruct-ZH-SynthDolly-E1-S73_ZH_translated_eval_detailed.csv,301,139,440
Llama-3.2-1B-Instruct-ZH-SynthDolly-E3-S73-PREFT_ZH_translated_eval_detailed.csv,366,74,440
Llama-3.2-1B-Instruct-ZH-SynthDolly-E3-S73_ZH_translated_eval_detailed.csv,314,126,440
Llama-3.2-1B-Instruct-ZH-SynthDolly-E5-S73-PREFT_ZH_translated_eval_detailed.csv,369,71,440
Llama-3.2-1B-Instruct-ZH-SynthDolly-E5-S73_ZH_translated_eval_detailed.csv,325,115,440
Llama-3.2-3B-Instruct-DA-SynthDolly-E1-S73_DA_translated_eval_detailed.csv,320,120,440
Llama-3.2-3B-Instruct-DA-SynthDolly-E3-S73-PREFT_DA_translated_eval_detailed.csv,336,104,440
Llama-3.2-3B-Instruct-DA-SynthDolly-E3-S73_DA_translated_eval_detailed.csv,334,106,440
Llama-3.2-3B-Instruct-DA-SynthDolly-E5-S73-PREFT_DA_translated_eval_detailed.csv,344,96,440
Llama-3.2-3B-Instruct-DA-SynthDolly-E5-S73_DA_translated_eval_detailed.csv,360,80,440
Llama-3.2-3B-Instruct-EL-SynthDolly-E1-S73-PREFT_EL_translated_eval_detailed.csv,371,69,440
Llama-3.2-3B-Instruct-EL-SynthDolly-E1-S73_EL_translated_eval_detailed.csv,357,83,440
Llama-3.2-3B-Instruct-EL-SynthDolly-E3-S73-PREFT_EL_translated_eval_detailed.csv,367,73,440
Llama-3.2-3B-Instruct-EL-SynthDolly-E3-S73_EL_translated_eval_detailed.csv,384,56,440
Llama-3.2-3B-Instruct-ES-SynthDolly-E1-S73-PREFT_ES_translated_eval_detailed.csv,396,44,440
Llama-3.2-3B-Instruct-ES-SynthDolly-E1-S73_ES_translated_eval_detailed.csv,356,84,440
Llama-3.2-3B-Instruct-ES-SynthDolly-E3-S73-PREFT_ES_translated_eval_detailed.csv,399,41,440
Llama-3.2-3B-Instruct-ES-SynthDolly-E3-S73_ES_translated_eval_detailed.csv,308,132,440
Llama-3.2-3B-Instruct-GA-SynthDolly-E1-S73-PREFT_GA_translated_eval_detailed.csv,418,22,440
Llama-3.2-3B-Instruct-GA-SynthDolly-E1-S73_GA_translated_eval_detailed.csv,381,59,440
Llama-3.2-3B-Instruct-GA-SynthDolly-E3-S73-PREFT_GA_translated_eval_detailed.csv,408,32,440
Llama-3.2-3B-Instruct-GA-SynthDolly-E3-S73_GA_translated_eval_detailed.csv,406,34,440
Llama-3.2-3B-Instruct-HI-SynthDolly-E1-S73-PREFT_HI_translated_eval_detailed.csv,341,99,440
Llama-3.2-3B-Instruct-HI-SynthDolly-E1-S73_HI_translated_eval_detailed.csv,298,142,440
Llama-3.2-3B-Instruct-HI-SynthDolly-E3-S73-PREFT_HI_translated_eval_detailed.csv,346,94,440
Llama-3.2-3B-Instruct-HI-SynthDolly-E3-S73_HI_translated_eval_detailed.csv,342,98,440
Llama-3.2-3B-Instruct-HI-SynthDolly-E5-S73-PREFT_HI_translated_eval_detailed.csv,339,101,440
Llama-3.2-3B-Instruct-HI-SynthDolly-E5-S73_HI_translated_eval_detailed.csv,370,70,440
Llama-3.2-3B-Instruct-PT-SynthDolly-E1-S73-PREFT_PT_translated_eval_detailed.csv,376,64,440
Llama-3.2-3B-Instruct-PT-SynthDolly-E1-S73_PT_translated_eval_detailed.csv,337,103,440
Llama-3.2-3B-Instruct-PT-SynthDolly-E3-S73-PREFT_PT_translated_eval_detailed.csv,372,68,440
Llama-3.2-3B-Instruct-PT-SynthDolly-E3-S73_PT_translated_eval_detailed.csv,281,159,440
Llama-3.2-3B-Instruct-TL-SynthDolly-E1-S73-PREFT_TL_translated_eval_detailed.csv,342,98,440
Llama-3.2-3B-Instruct-TL-SynthDolly-E1-S73_TL_translated_eval_detailed.csv,353,87,440
Llama-3.2-3B-Instruct-TL-SynthDolly-E3-S73-PREFT_TL_translated_eval_detailed.csv,331,109,440
Llama-3.2-3B-Instruct-TL-SynthDolly-E3-S73_TL_translated_eval_detailed.csv,344,96,440
Llama-3.2-3B-Instruct-ZH-SynthDolly-E1-S73-PREFT_ZH_translated_eval_detailed.csv,401,39,440
Llama-3.2-3B-Instruct-ZH-SynthDolly-E1-S73_ZH_translated_eval_detailed.csv,356,84,440
Llama-3.2-3B-Instruct-ZH-SynthDolly-E3-S73-PREFT_ZH_translated_eval_detailed.csv,378,62,440
Llama-3.2-3B-Instruct-ZH-SynthDolly-E3-S73_ZH_translated_eval_detailed.csv,358,82,440
Qwen3-0.6B-DA-SynthDolly-E1-S73-PREFT_DA_translated_eval_detailed.csv,188,252,440
Qwen3-0.6B-DA-SynthDolly-E1-S73_DA_translated_eval_detailed.csv,331,109,440
Qwen3-0.6B-DA-SynthDolly-E5-S73-PREFT_DA_translated_eval_detailed.csv,178,262,440
Qwen3-0.6B-DA-SynthDolly-E5-S73_DA_translated_eval_detailed.csv,366,74,440
Qwen3-0.6B-EL-SynthDolly-E1-S73-PREFT_EL_translated_eval_detailed.csv,316,124,440
Qwen3-0.6B-EL-SynthDolly-E1-S73_EL_translated_eval_detailed.csv,404,36,440
Qwen3-0.6B-EL-SynthDolly-E3-S73-PREFT_EL_translated_eval_detailed.csv,334,106,440
Qwen3-0.6B-EL-SynthDolly-E3-S73_EL_translated_eval_detailed.csv,414,26,440
Qwen3-0.6B-EL-SynthDolly-E5-S73-PREFT_EL_translated_eval_detailed.csv,338,102,440
Qwen3-0.6B-EL-SynthDolly-E5-S73_EL_translated_eval_detailed.csv,401,39,440
Qwen3-0.6B-ES-SynthDolly-E1-S73-PREFT_ES_translated_eval_detailed.csv,144,296,440
Qwen3-0.6B-ES-SynthDolly-E1-S73_ES_translated_eval_detailed.csv,248,192,440
Qwen3-0.6B-ES-SynthDolly-E3-S73-PREFT_ES_translated_eval_detailed.csv,136,304,440
Qwen3-0.6B-ES-SynthDolly-E3-S73_ES_translated_eval_detailed.csv,239,201,440
Qwen3-0.6B-ES-SynthDolly-E5-S73-PREFT_ES_translated_eval_detailed.csv,149,291,440
Qwen3-0.6B-ES-SynthDolly-E5-S73_ES_translated_eval_detailed.csv,240,200,440
Qwen3-0.6B-ES-SynthDolly-E8-S73-PREFT_ES_translated_eval_detailed.csv,143,297,440
Qwen3-0.6B-ES-SynthDolly-E8-S73_ES_translated_eval_detailed.csv,290,150,440
Qwen3-0.6B-GA-SynthDolly-E1-S73-PREFT_GA_translated_eval_detailed.csv,408,32,440
Qwen3-0.6B-GA-SynthDolly-E1-S73_GA_translated_eval_detailed.csv,404,36,440
Qwen3-0.6B-GA-SynthDolly-E3-S73-PREFT_GA_translated_eval_detailed.csv,407,33,440
Qwen3-0.6B-GA-SynthDolly-E3-S73_GA_translated_eval_detailed.csv,430,10,440
Qwen3-0.6B-GA-SynthDolly-E5-S73-PREFT_GA_translated_eval_detailed.csv,402,38,440
Qwen3-0.6B-GA-SynthDolly-E5-S73_GA_translated_eval_detailed.csv,426,14,440
Qwen3-0.6B-GA-SynthDolly-E8-S73-PREFT_GA_translated_eval_detailed.csv,404,36,440
Qwen3-0.6B-GA-SynthDolly-E8-S73_GA_translated_eval_detailed.csv,435,5,440
Qwen3-0.6B-HI-SynthDolly-E1-S73-PREFT_HI_translated_eval_detailed.csv,260,180,440
Qwen3-0.6B-HI-SynthDolly-E1-S73_HI_translated_eval_detailed.csv,401,39,440
Qwen3-0.6B-HI-SynthDolly-E3-S73-PREFT_HI_translated_eval_detailed.csv,255,185,440
Qwen3-0.6B-HI-SynthDolly-E3-S73_HI_translated_eval_detailed.csv,399,41,440
Qwen3-0.6B-HI-SynthDolly-E5-S73-PREFT_HI_translated_eval_detailed.csv,282,158,440
Qwen3-0.6B-HI-SynthDolly-E5-S73_HI_translated_eval_detailed.csv,413,27,440
Qwen3-0.6B-PT-SynthDolly-E1-S73-PREFT_PT_translated_eval_detailed.csv,157,283,440
Qwen3-0.6B-PT-SynthDolly-E1-S73_PT_translated_eval_detailed.csv,247,193,440
Qwen3-0.6B-PT-SynthDolly-E3-S73-PREFT_PT_translated_eval_detailed.csv,139,301,440
Qwen3-0.6B-PT-SynthDolly-E3-S73_PT_translated_eval_detailed.csv,230,210,440
Qwen3-0.6B-PT-SynthDolly-E5-S73-PREFT_PT_translated_eval_detailed.csv,161,279,440
Qwen3-0.6B-PT-SynthDolly-E5-S73_PT_translated_eval_detailed.csv,243,197,440
Qwen3-0.6B-PT-SynthDolly-E8-S73-PREFT_PT_translated_eval_detailed.csv,169,271,440
Qwen3-0.6B-PT-SynthDolly-E8-S73_PT_translated_eval_detailed.csv,307,133,440
Qwen3-0.6B-TL-SynthDolly-E1-S73-PREFT_TL_translated_eval_detailed.csv,275,165,440
Qwen3-0.6B-TL-SynthDolly-E1-S73_TL_translated_eval_detailed.csv,389,51,440
Qwen3-0.6B-TL-SynthDolly-E3-S73-PREFT_TL_translated_eval_detailed.csv,278,162,440
Qwen3-0.6B-TL-SynthDolly-E3-S73_TL_translated_eval_detailed.csv,399,41,440
Qwen3-0.6B-TL-SynthDolly-E5-S73-PREFT_TL_translated_eval_detailed.csv,277,163,440
Qwen3-0.6B-TL-SynthDolly-E5-S73_TL_translated_eval_detailed.csv,410,30,440
Qwen3-0.6B-TL-SynthDolly-E8-S73-PREFT_TL_translated_eval_detailed.csv,281,159,440
Qwen3-0.6B-TL-SynthDolly-E8-S73_TL_translated_eval_detailed.csv,413,27,440
Qwen3-0.6B-ZH-SynthDolly-E1-S73-PREFT_ZH_translated_eval_detailed.csv,212,228,440
Qwen3-0.6B-ZH-SynthDolly-E1-S73_ZH_translated_eval_detailed.csv,202,238,440
Qwen3-0.6B-ZH-SynthDolly-E5-S73-PREFT_ZH_translated_eval_detailed.csv,234,206,440
Qwen3-0.6B-ZH-SynthDolly-E5-S73_ZH_translated_eval_detailed.csv,210,230,440
Qwen3-14B-DA-SynthDolly-1A_DA_translated_eval_detailed.csv,350,90,440
Qwen3-14B-DA-SynthDolly-E1-S73-PREFT_DA_translated_eval_detailed.csv,316,124,440
Qwen3-14B-DA-SynthDolly-E1-S73_DA_translated_eval_detailed.csv,348,92,440
Qwen3-14B-DA-SynthDolly-E3-S73-PREFT_DA_translated_eval_detailed.csv,309,131,440
Qwen3-14B-DA-SynthDolly-E3-S73_DA_translated_eval_detailed.csv,312,128,440
Qwen3-14B-EL-SynthDolly-1A_EL_translated_eval_detailed.csv,306,134,440
Qwen3-14B-EL-SynthDolly-E1-S73-PREFT_EL_translated_eval_detailed.csv,318,122,440
Qwen3-14B-EL-SynthDolly-E1-S73_EL_translated_eval_detailed.csv,298,142,440
Qwen3-14B-EL-SynthDolly-E3-S73-PREFT_EL_translated_eval_detailed.csv,324,116,440
Qwen3-14B-EL-SynthDolly-E3-S73_EL_translated_eval_detailed.csv,283,157,440
Qwen3-14B-ES-SynthDolly-1A_ES_translated_eval_detailed.csv,305,135,440
Qwen3-14B-ES-SynthDolly-E1-S73-PREFT_ES_translated_eval_detailed.csv,340,100,440
Qwen3-14B-ES-SynthDolly-E1-S73_ES_translated_eval_detailed.csv,322,118,440
Qwen3-14B-ES-SynthDolly-E3-S73-PREFT_ES_translated_eval_detailed.csv,338,102,440
Qwen3-14B-ES-SynthDolly-E3-S73_ES_translated_eval_detailed.csv,250,190,440
Qwen3-14B-GA-SynthDolly-1A_GA_translated_eval_detailed.csv,375,65,440
Qwen3-14B-GA-SynthDolly-E3-S73-PREFT_GA_translated_eval_detailed.csv,311,129,440
Qwen3-14B-GA-SynthDolly-E3-S73_GA_translated_eval_detailed.csv,385,55,440
Qwen3-14B-HI-SynthDolly-1A_HI_translated_eval_detailed.csv,307,133,440
Qwen3-14B-HI-SynthDolly-E1-S73-PREFT_HI_translated_eval_detailed.csv,274,166,440
Qwen3-14B-HI-SynthDolly-E1-S73_HI_translated_eval_detailed.csv,281,159,440
Qwen3-14B-HI-SynthDolly-E3-S73-PREFT_HI_translated_eval_detailed.csv,290,150,440
Qwen3-14B-HI-SynthDolly-E3-S73_HI_translated_eval_detailed.csv,282,158,440
Qwen3-14B-PT-SynthDolly-1A_PT_translated_eval_detailed.csv,317,123,440
Qwen3-14B-PT-SynthDolly-E1-S73-PREFT_PT_translated_eval_detailed.csv,342,98,440
Qwen3-14B-PT-SynthDolly-E1-S73_PT_translated_eval_detailed.csv,329,111,440
Qwen3-14B-PT-SynthDolly-E3-S73-PREFT_PT_translated_eval_detailed.csv,333,107,440
Qwen3-14B-PT-SynthDolly-E3-S73_PT_translated_eval_detailed.csv,302,138,440
Qwen3-14B-TL-SynthDolly-1A_TL_translated_eval_detailed.csv,297,143,440
Qwen3-14B-TL-SynthDolly-E1-S73-PREFT_TL_translated_eval_detailed.csv,305,135,440
Qwen3-14B-TL-SynthDolly-E1-S73_TL_translated_eval_detailed.csv,301,139,440
Qwen3-14B-TL-SynthDolly-E3-S73-PREFT_TL_translated_eval_detailed.csv,306,134,440
Qwen3-14B-TL-SynthDolly-E3-S73_TL_translated_eval_detailed.csv,303,137,440
Qwen3-14B-ZH-SynthDolly-1A_ZH_translated_eval_detailed.csv,370,70,440
Qwen3-14B-ZH-SynthDolly-E1-S73-PREFT_ZH_translated_eval_detailed.csv,367,73,440
Qwen3-14B-ZH-SynthDolly-E1-S73_ZH_translated_eval_detailed.csv,329,111,440
Qwen3-14B-ZH-SynthDolly-E3-S73-PREFT_ZH_translated_eval_detailed.csv,369,71,440
Qwen3-14B-ZH-SynthDolly-E3-S73_ZH_translated_eval_detailed.csv,325,115,440
Qwen3-32B-DA-SynthDolly-1A_DA_translated_eval_detailed.csv,384,56,440
Qwen3-32B-EL-SynthDolly-1A_EL_translated_eval_detailed.csv,370,70,440
Qwen3-32B-ES-SynthDolly-1A_ES_translated_eval_detailed.csv,368,72,440
Qwen3-32B-GA-SynthDolly-1A_GA_translated_eval_detailed.csv,391,49,440
Qwen3-32B-HI-SynthDolly-1A_HI_translated_eval_detailed.csv,360,80,440
Qwen3-32B-PT-SynthDolly-1A_PT_translated_eval_detailed.csv,372,68,440
Qwen3-32B-TL-SynthDolly-1A_TL_translated_eval_detailed.csv,364,76,440
Qwen3-32B-ZH-SynthDolly-1A_ZH_translated_eval_detailed.csv,374,66,440
Qwen3-4B-DA-SynthDolly-E1-S73-PREFT_DA_translated_eval_detailed.csv,278,162,440
Qwen3-4B-DA-SynthDolly-E1-S73_DA_translated_eval_detailed.csv,343,97,440
Qwen3-4B-DA-SynthDolly-E3-S73-PREFT_DA_translated_eval_detailed.csv,283,157,440
Qwen3-4B-DA-SynthDolly-E3-S73_DA_translated_eval_detailed.csv,320,120,440
Qwen3-4B-DA-SynthDolly-E5-S73-PREFT_DA_translated_eval_detailed.csv,282,158,440
Qwen3-4B-DA-SynthDolly-E5-S73_DA_translated_eval_detailed.csv,299,141,440
Qwen3-4B-DA-SynthDolly-E8-S73-PREFT_DA_translated_eval_detailed.csv,266,174,440
Qwen3-4B-DA-SynthDolly-E8-S73_DA_translated_eval_detailed.csv,402,38,440
Qwen3-4B-EL-SynthDolly-E1-S73-PREFT_EL_translated_eval_detailed.csv,300,140,440
Qwen3-4B-EL-SynthDolly-E1-S73_EL_translated_eval_detailed.csv,339,101,440
Qwen3-4B-EL-SynthDolly-E3-S73-PREFT_EL_translated_eval_detailed.csv,298,142,440
Qwen3-4B-EL-SynthDolly-E3-S73_EL_translated_eval_detailed.csv,314,126,440
Qwen3-4B-EL-SynthDolly-E8-S73-PREFT_EL_translated_eval_detailed.csv,318,122,440
Qwen3-4B-EL-SynthDolly-E8-S73_EL_translated_eval_detailed.csv,426,14,440
Qwen3-4B-ES-SynthDolly-E1-S73-PREFT_ES_translated_eval_detailed.csv,298,142,440
Qwen3-4B-ES-SynthDolly-E1-S73_ES_translated_eval_detailed.csv,292,148,440
Qwen3-4B-ES-SynthDolly-E3-S73-PREFT_ES_translated_eval_detailed.csv,292,148,440
Qwen3-4B-ES-SynthDolly-E3-S73_ES_translated_eval_detailed.csv,232,208,440
Qwen3-4B-ES-SynthDolly-E5-S73-PREFT_ES_translated_eval_detailed.csv,282,158,440
Qwen3-4B-ES-SynthDolly-E5-S73_ES_translated_eval_detailed.csv,242,198,440
Qwen3-4B-ES-SynthDolly-E8-S73-PREFT_ES_translated_eval_detailed.csv,282,158,440
Qwen3-4B-ES-SynthDolly-E8-S73_ES_translated_eval_detailed.csv,369,71,440
Qwen3-4B-GA-SynthDolly-E1-S73-PREFT_GA_translated_eval_detailed.csv,352,88,440
Qwen3-4B-GA-SynthDolly-E1-S73_GA_translated_eval_detailed.csv,413,27,440
Qwen3-4B-GA-SynthDolly-E3-S73-PREFT_GA_translated_eval_detailed.csv,358,82,440
Qwen3-4B-GA-SynthDolly-E3-S73_GA_translated_eval_detailed.csv,419,21,440
Qwen3-4B-GA-SynthDolly-E5-S73-PREFT_GA_translated_eval_detailed.csv,360,80,440
Qwen3-4B-GA-SynthDolly-E5-S73_GA_translated_eval_detailed.csv,418,22,440
Qwen3-4B-GA-SynthDolly-E8-S73-PREFT_GA_translated_eval_detailed.csv,369,71,440
Qwen3-4B-GA-SynthDolly-E8-S73_GA_translated_eval_detailed.csv,423,17,440
Qwen3-4B-HI-SynthDolly-E1-S73-PREFT_HI_translated_eval_detailed.csv,261,179,440
Qwen3-4B-HI-SynthDolly-E1-S73_HI_translated_eval_detailed.csv,363,77,440
Qwen3-4B-HI-SynthDolly-E3-S73-PREFT_HI_translated_eval_detailed.csv,277,163,440
Qwen3-4B-HI-SynthDolly-E3-S73_HI_translated_eval_detailed.csv,317,123,440
Qwen3-4B-HI-SynthDolly-E5-S73-PREFT_HI_translated_eval_detailed.csv,266,174,440
Qwen3-4B-HI-SynthDolly-E5-S73_HI_translated_eval_detailed.csv,351,89,440
Qwen3-4B-HI-SynthDolly-E8-S73-PREFT_HI_translated_eval_detailed.csv,266,174,440
Qwen3-4B-HI-SynthDolly-E8-S73_HI_translated_eval_detailed.csv,417,23,440
Qwen3-4B-PT-SynthDolly-E1-S73-PREFT_PT_translated_eval_detailed.csv,298,142,440
Qwen3-4B-PT-SynthDolly-E1-S73_PT_translated_eval_detailed.csv,268,172,440
Qwen3-4B-PT-SynthDolly-E3-S73-PREFT_PT_translated_eval_detailed.csv,299,141,440
Qwen3-4B-PT-SynthDolly-E3-S73_PT_translated_eval_detailed.csv,222,218,440
Qwen3-4B-PT-SynthDolly-E5-S73-PREFT_PT_translated_eval_detailed.csv,299,141,440
Qwen3-4B-PT-SynthDolly-E5-S73_PT_translated_eval_detailed.csv,217,223,440
Qwen3-4B-PT-SynthDolly-E8-S73-PREFT_PT_translated_eval_detailed.csv,294,146,440
Qwen3-4B-PT-SynthDolly-E8-S73_PT_translated_eval_detailed.csv,385,55,440
Qwen3-4B-TL-SynthDolly-E1-S73-PREFT_TL_translated_eval_detailed.csv,299,141,440
Qwen3-4B-TL-SynthDolly-E1-S73_TL_translated_eval_detailed.csv,351,89,440
Qwen3-4B-TL-SynthDolly-E3-S73-PREFT_TL_translated_eval_detailed.csv,306,134,440
Qwen3-4B-TL-SynthDolly-E3-S73_TL_translated_eval_detailed.csv,342,98,440
Qwen3-4B-TL-SynthDolly-E5-S73-PREFT_TL_translated_eval_detailed.csv,302,138,440
Qwen3-4B-TL-SynthDolly-E5-S73_TL_translated_eval_detailed.csv,355,85,440
Qwen3-4B-TL-SynthDolly-E8-S73-PREFT_TL_translated_eval_detailed.csv,299,141,440
Qwen3-4B-TL-SynthDolly-E8-S73_TL_translated_eval_detailed.csv,395,45,440
Qwen3-4B-ZH-SynthDolly-E1-S73-PREFT_ZH_translated_eval_detailed.csv,351,89,440
Qwen3-4B-ZH-SynthDolly-E1-S73_ZH_translated_eval_detailed.csv,286,154,440
Qwen3-4B-ZH-SynthDolly-E3-S73-PREFT_ZH_translated_eval_detailed.csv,350,90,440
Qwen3-4B-ZH-SynthDolly-E3-S73_ZH_translated_eval_detailed.csv,258,182,440
Qwen3-4B-ZH-SynthDolly-E5-S73-PREFT_ZH_translated_eval_detailed.csv,351,89,440
Qwen3-4B-ZH-SynthDolly-E5-S73_ZH_translated_eval_detailed.csv,212,228,440
Qwen3-8B-DA-SynthDolly-1A_DA_translated_eval_detailed.csv,332,108,440
Qwen3-8B-DA-SynthDolly-E1-S73-PREFT_DA_translated_eval_detailed.csv,294,146,440
Qwen3-8B-DA-SynthDolly-E1-S73_DA_translated_eval_detailed.csv,325,115,440
Qwen3-8B-DA-SynthDolly-E3-S73-PREFT_DA_translated_eval_detailed.csv,276,164,440
Qwen3-8B-DA-SynthDolly-E3-S73_DA_translated_eval_detailed.csv,272,168,440
Qwen3-8B-EL-SynthDolly-1A_EL_translated_eval_detailed.csv,315,125,440
Qwen3-8B-EL-SynthDolly-E1-S73-PREFT_EL_translated_eval_detailed.csv,319,121,440
Qwen3-8B-EL-SynthDolly-E1-S73_EL_translated_eval_detailed.csv,327,113,440
Qwen3-8B-EL-SynthDolly-E3-S73-PREFT_EL_translated_eval_detailed.csv,316,124,440
Qwen3-8B-EL-SynthDolly-E3-S73_EL_translated_eval_detailed.csv,282,158,440
Qwen3-8B-ES-SynthDolly-1A_ES_translated_eval_detailed.csv,285,155,440
Qwen3-8B-ES-SynthDolly-E1-S73-PREFT_ES_translated_eval_detailed.csv,291,149,440
Qwen3-8B-ES-SynthDolly-E1-S73_ES_translated_eval_detailed.csv,288,152,440
Qwen3-8B-ES-SynthDolly-E3-S73-PREFT_ES_translated_eval_detailed.csv,311,129,440
Qwen3-8B-ES-SynthDolly-E3-S73_ES_translated_eval_detailed.csv,217,223,440
Qwen3-8B-GA-SynthDolly-1A_GA_translated_eval_detailed.csv,399,41,440
Qwen3-8B-GA-SynthDolly-E1-S73-PREFT_GA_translated_eval_detailed.csv,329,111,440
Qwen3-8B-GA-SynthDolly-E1-S73_GA_translated_eval_detailed.csv,399,41,440
Qwen3-8B-GA-SynthDolly-E3-S73-PREFT_GA_translated_eval_detailed.csv,340,100,440
Qwen3-8B-GA-SynthDolly-E3-S73_GA_translated_eval_detailed.csv,398,42,440
Qwen3-8B-HI-SynthDolly-1A_HI_translated_eval_detailed.csv,329,111,440
Qwen3-8B-HI-SynthDolly-E1-S73-PREFT_HI_translated_eval_detailed.csv,275,165,440
Qwen3-8B-HI-SynthDolly-E1-S73_HI_translated_eval_detailed.csv,320,120,440
Qwen3-8B-HI-SynthDolly-E3-S73-PREFT_HI_translated_eval_detailed.csv,287,153,440
Qwen3-8B-HI-SynthDolly-E3-S73_HI_translated_eval_detailed.csv,283,157,440
Qwen3-8B-PT-SynthDolly-1A_PT_translated_eval_detailed.csv,325,115,440
Qwen3-8B-PT-SynthDolly-E1-S73-PREFT_PT_translated_eval_detailed.csv,300,140,440
Qwen3-8B-PT-SynthDolly-E1-S73_PT_translated_eval_detailed.csv,323,117,440
Qwen3-8B-PT-SynthDolly-E3-S73-PREFT_PT_translated_eval_detailed.csv,314,126,440
Qwen3-8B-PT-SynthDolly-E3-S73_PT_translated_eval_detailed.csv,228,212,440
Qwen3-8B-TL-SynthDolly-1A_TL_translated_eval_detailed.csv,315,125,440
Qwen3-8B-TL-SynthDolly-E1-S73-PREFT_TL_translated_eval_detailed.csv,278,162,440
Qwen3-8B-TL-SynthDolly-E1-S73_TL_translated_eval_detailed.csv,309,131,440
Qwen3-8B-TL-SynthDolly-E3-S73-PREFT_TL_translated_eval_detailed.csv,278,162,440
Qwen3-8B-TL-SynthDolly-E3-S73_TL_translated_eval_detailed.csv,329,111,440
Qwen3-8B-ZH-SynthDolly-1A_ZH_translated_eval_detailed.csv,339,101,440
Qwen3-8B-ZH-SynthDolly-E1-S73-PREFT_ZH_translated_eval_detailed.csv,360,80,440
Qwen3-8B-ZH-SynthDolly-E1-S73_ZH_translated_eval_detailed.csv,362,78,440
Qwen3-8B-ZH-SynthDolly-E3-S73-PREFT_ZH_translated_eval_detailed.csv,359,81,440
Qwen3-8B-ZH-SynthDolly-E3-S73_ZH_translated_eval_detailed.csv,262,178,440
llama-3.1-8b-DA-SynthDolly-1A_DA_translated_eval_detailed.csv,331,109,440
llama-3.1-8b-EL-SynthDolly-1A_EL_translated_eval_detailed.csv,367,73,440
llama-3.1-8b-ES-SynthDolly-1A_ES_translated_eval_detailed.csv,362,78,440
llama-3.1-8b-GA-SynthDolly-1A_GA_translated_eval_detailed.csv,356,84,440
llama-3.1-8b-HI-SynthDolly-1A_HI_translated_eval_detailed.csv,285,155,440
llama-3.1-8b-PT-SynthDolly-1A_PT_translated_eval_detailed.csv,358,82,440
llama-3.1-8b-TL-SynthDolly-1A_TL_translated_eval_detailed.csv,346,94,440
llama-3.1-8b-ZH-SynthDolly-1A_ZH_translated_eval_detailed.csv,370,70,440
Gemma-3-1B-IT-DA-SynthDolly-E1-S73-PREFT_english_results_detailed.csv,311,129,440
Gemma-3-1B-IT-DA-SynthDolly-E1-S73_english_results_detailed.csv,268,172,440
Gemma-3-1B-IT-DA-SynthDolly-E3-S73-PREFT_english_results_detailed.csv,305,135,440
Gemma-3-1B-IT-DA-SynthDolly-E3-S73_english_results_detailed.csv,123,317,440
Gemma-3-1B-IT-DA-SynthDolly-E5-S73-PREFT_english_results_detailed.csv,300,140,440
Gemma-3-1B-IT-DA-SynthDolly-E5-S73_english_results_detailed.csv,138,302,440
Gemma-3-1B-IT-EL-SynthDolly-E1-S73-PREFT_english_results_detailed.csv,293,147,440
Gemma-3-1B-IT-EL-SynthDolly-E1-S73_english_results_detailed.csv,255,185,440
Gemma-3-1B-IT-EL-SynthDolly-E3-S73-PREFT_english_results_detailed.csv,295,145,440
Gemma-3-1B-IT-EL-SynthDolly-E3-S73_english_results_detailed.csv,231,209,440
Gemma-3-1B-IT-EL-SynthDolly-E5-S73-PREFT_english_results_detailed.csv,292,148,440
Gemma-3-1B-IT-EL-SynthDolly-E5-S73_english_results_detailed.csv,229,211,440
Gemma-3-1B-IT-ES-SynthDolly-E1-S73-PREFT_english_results_detailed.csv,298,142,440
Gemma-3-1B-IT-ES-SynthDolly-E1-S73_english_results_detailed.csv,174,266,440
Gemma-3-1B-IT-ES-SynthDolly-E3-S73-PREFT_english_results_detailed.csv,303,137,440
Gemma-3-1B-IT-ES-SynthDolly-E3-S73_english_results_detailed.csv,106,334,440
Gemma-3-1B-IT-GA-SynthDolly-E1-S73-PREFT_english_results_detailed.csv,298,142,440
Gemma-3-1B-IT-GA-SynthDolly-E1-S73_english_results_detailed.csv,268,172,440
Gemma-3-1B-IT-GA-SynthDolly-E3-S73-PREFT_english_results_detailed.csv,294,146,440
Gemma-3-1B-IT-GA-SynthDolly-E3-S73_english_results_detailed.csv,179,261,440
Gemma-3-1B-IT-GA-SynthDolly-E5-S73-PREFT_english_results_detailed.csv,304,136,440
Gemma-3-1B-IT-GA-SynthDolly-E5-S73_english_results_detailed.csv,141,299,440
Gemma-3-1B-IT-HI-SynthDolly-E1-S73-PREFT_english_results_detailed.csv,304,136,440
Gemma-3-1B-IT-HI-SynthDolly-E1-S73_english_results_detailed.csv,207,233,440
Gemma-3-1B-IT-HI-SynthDolly-E3-S73-PREFT_english_results_detailed.csv,305,135,440
Gemma-3-1B-IT-HI-SynthDolly-E3-S73_english_results_detailed.csv,126,314,440
Gemma-3-1B-IT-PT-SynthDolly-E1-S73-PREFT_english_results_detailed.csv,303,137,440
Gemma-3-1B-IT-PT-SynthDolly-E1-S73_english_results_detailed.csv,216,224,440
Gemma-3-1B-IT-PT-SynthDolly-E3-S73-PREFT_english_results_detailed.csv,294,146,440
Gemma-3-1B-IT-PT-SynthDolly-E3-S73_english_results_detailed.csv,104,336,440
Gemma-3-1B-IT-PT-SynthDolly-E5-S73-PREFT_english_results_detailed.csv,303,137,440
Gemma-3-1B-IT-PT-SynthDolly-E5-S73_english_results_detailed.csv,101,339,440
Gemma-3-1B-IT-TL-SynthDolly-E1-S73-PREFT_english_results_detailed.csv,300,140,440
Gemma-3-1B-IT-TL-SynthDolly-E1-S73_english_results_detailed.csv,245,195,440
Gemma-3-1B-IT-TL-SynthDolly-E3-S73-PREFT_english_results_detailed.csv,307,133,440
Gemma-3-1B-IT-TL-SynthDolly-E3-S73_english_results_detailed.csv,135,305,440
Gemma-3-1B-IT-ZH-SynthDolly-E1-S73-PREFT_english_results_detailed.csv,299,141,440
Gemma-3-1B-IT-ZH-SynthDolly-E1-S73_english_results_detailed.csv,194,246,440
Gemma-3-1B-IT-ZH-SynthDolly-E3-S73-PREFT_english_results_detailed.csv,297,143,440
Gemma-3-1B-IT-ZH-SynthDolly-E3-S73_english_results_detailed.csv,136,304,440
Gemma-3-1B-IT-ZH-SynthDolly-E5-S73-PREFT_english_results_detailed.csv,298,142,440
Gemma-3-1B-IT-ZH-SynthDolly-E5-S73_english_results_detailed.csv,129,311,440
Gemma-3-4B-IT-DA-SynthDolly-E1-S73-PREFT_english_results_detailed.csv,278,162,440
Gemma-3-4B-IT-DA-SynthDolly-E1-S73_english_results_detailed.csv,327,113,440
Gemma-3-4B-IT-DA-SynthDolly-E3-S73-PREFT_english_results_detailed.csv,276,164,440
Gemma-3-4B-IT-DA-SynthDolly-E3-S73_english_results_detailed.csv,279,161,440
Gemma-3-4B-IT-EL-SynthDolly-E1-S73-PREFT_english_results_detailed.csv,278,162,440
Gemma-3-4B-IT-EL-SynthDolly-E1-S73_english_results_detailed.csv,322,118,440
Gemma-3-4B-IT-EL-SynthDolly-E3-S73-PREFT_english_results_detailed.csv,284,156,440
Gemma-3-4B-IT-EL-SynthDolly-E3-S73_english_results_detailed.csv,319,121,440
Gemma-3-4B-IT-ES-SynthDolly-E1-S73-PREFT_english_results_detailed.csv,285,155,440
Gemma-3-4B-IT-ES-SynthDolly-E1-S73_english_results_detailed.csv,325,115,440
Gemma-3-4B-IT-ES-SynthDolly-E3-S73-PREFT_english_results_detailed.csv,288,152,440
Gemma-3-4B-IT-ES-SynthDolly-E3-S73_english_results_detailed.csv,256,184,440
Gemma-3-4B-IT-GA-SynthDolly-E1-S73-PREFT_english_results_detailed.csv,275,165,440
Gemma-3-4B-IT-GA-SynthDolly-E1-S73_english_results_detailed.csv,297,143,440
Gemma-3-4B-IT-GA-SynthDolly-E3-S73-PREFT_english_results_detailed.csv,281,159,440
Gemma-3-4B-IT-GA-SynthDolly-E3-S73_english_results_detailed.csv,290,150,440
Gemma-3-4B-IT-HI-SynthDolly-E1-S73-PREFT_english_results_detailed.csv,272,168,440
Gemma-3-4B-IT-HI-SynthDolly-E1-S73_english_results_detailed.csv,303,137,440
Gemma-3-4B-IT-HI-SynthDolly-E3-S73-PREFT_english_results_detailed.csv,283,157,440
Gemma-3-4B-IT-HI-SynthDolly-E3-S73_english_results_detailed.csv,275,165,440
Gemma-3-4B-IT-PT-SynthDolly-E1-S73-PREFT_english_results_detailed.csv,279,161,440
Gemma-3-4B-IT-PT-SynthDolly-E1-S73_english_results_detailed.csv,314,126,440
Gemma-3-4B-IT-PT-SynthDolly-E3-S73-PREFT_english_results_detailed.csv,273,167,440
Gemma-3-4B-IT-PT-SynthDolly-E3-S73_english_results_detailed.csv,276,164,440
Gemma-3-4B-IT-TL-SynthDolly-E1-S73-PREFT_english_results_detailed.csv,279,161,440
Gemma-3-4B-IT-TL-SynthDolly-E1-S73_english_results_detailed.csv,321,119,440
Gemma-3-4B-IT-TL-SynthDolly-E3-S73-PREFT_english_results_detailed.csv,284,156,440
Gemma-3-4B-IT-TL-SynthDolly-E3-S73_english_results_detailed.csv,301,139,440
Gemma-3-4B-IT-ZH-SynthDolly-E1-S73-PREFT_english_results_detailed.csv,284,156,440
Gemma-3-4B-IT-ZH-SynthDolly-E1-S73_english_results_detailed.csv,330,110,440
Gemma-3-4B-IT-ZH-SynthDolly-E3-S73-PREFT_english_results_detailed.csv,285,155,440
Gemma-3-4B-IT-ZH-SynthDolly-E3-S73_english_results_detailed.csv,293,147,440
Llama-3.1-8B-Instruct-DA-SynthDolly-E3-S73-PREFT_english_results_detailed.csv,353,87,440
Llama-3.1-8B-Instruct-DA-SynthDolly-E3-S73_english_results_detailed.csv,256,184,440
Llama-3.1-8B-Instruct-EL-SynthDolly-E1-S73-PREFT_english_results_detailed.csv,348,92,440
Llama-3.1-8B-Instruct-EL-SynthDolly-E1-S73_english_results_detailed.csv,360,80,440
Llama-3.1-8B-Instruct-EL-SynthDolly-E3-S73-PREFT_english_results_detailed.csv,354,86,440
Llama-3.1-8B-Instruct-EL-SynthDolly-E3-S73_english_results_detailed.csv,336,104,440
Llama-3.1-8B-Instruct-ES-SynthDolly-E1-S73-PREFT_english_results_detailed.csv,332,108,440
Llama-3.1-8B-Instruct-ES-SynthDolly-E1-S73_english_results_detailed.csv,350,90,440
Llama-3.1-8B-Instruct-ES-SynthDolly-E3-S73-PREFT_english_results_detailed.csv,347,92,440
Llama-3.1-8B-Instruct-ES-SynthDolly-E3-S73_english_results_detailed.csv,284,156,440
Llama-3.1-8B-Instruct-GA-SynthDolly-E1-S73-PREFT_english_results_detailed.csv,349,91,440
Llama-3.1-8B-Instruct-GA-SynthDolly-E1-S73_english_results_detailed.csv,357,83,440
Llama-3.1-8B-Instruct-GA-SynthDolly-E3-S73-PREFT_english_results_detailed.csv,349,91,440
Llama-3.1-8B-Instruct-GA-SynthDolly-E3-S73_english_results_detailed.csv,321,119,440
Llama-3.1-8B-Instruct-HI-SynthDolly-E3-S73-PREFT_english_results_detailed.csv,353,87,440
Llama-3.1-8B-Instruct-HI-SynthDolly-E3-S73_english_results_detailed.csv,318,122,440
Llama-3.1-8B-Instruct-TL-SynthDolly-E1-S73-PREFT_english_results_detailed.csv,349,91,440
Llama-3.1-8B-Instruct-TL-SynthDolly-E1-S73_english_results_detailed.csv,371,69,440
Llama-3.1-8B-Instruct-TL-SynthDolly-E3-S73-PREFT_english_results_detailed.csv,344,96,440
Llama-3.1-8B-Instruct-TL-SynthDolly-E3-S73_english_results_detailed.csv,326,114,440
Llama-3.1-8B-Instruct-ZH-SynthDolly-E1-S73-PREFT_english_results_detailed.csv,353,87,440
Llama-3.1-8B-Instruct-ZH-SynthDolly-E1-S73_english_results_detailed.csv,337,103,440
Llama-3.1-8B-Instruct-ZH-SynthDolly-E3-S73-PREFT_english_results_detailed.csv,352,88,440
Llama-3.1-8B-Instruct-ZH-SynthDolly-E3-S73_english_results_detailed.csv,293,147,440
Llama-3.2-1B-Instruct-DA-SynthDolly-E1-S73-PREFT_english_results_detailed.csv,264,176,440
Llama-3.2-1B-Instruct-DA-SynthDolly-E1-S73_english_results_detailed.csv,226,214,440
Llama-3.2-1B-Instruct-DA-SynthDolly-E3-S73-PREFT_english_results_detailed.csv,273,167,440
Llama-3.2-1B-Instruct-DA-SynthDolly-E3-S73_english_results_detailed.csv,213,227,440
Llama-3.2-1B-Instruct-DA-SynthDolly-E5-S73-PREFT_english_results_detailed.csv,263,177,440
Llama-3.2-1B-Instruct-DA-SynthDolly-E5-S73_english_results_detailed.csv,197,243,440
Llama-3.2-1B-Instruct-EL-SynthDolly-E1-S73-PREFT_english_results_detailed.csv,276,164,440
Llama-3.2-1B-Instruct-EL-SynthDolly-E1-S73_english_results_detailed.csv,242,198,440
Llama-3.2-1B-Instruct-EL-SynthDolly-E3-S73-PREFT_english_results_detailed.csv,272,168,440
Llama-3.2-1B-Instruct-EL-SynthDolly-E3-S73_english_results_detailed.csv,237,203,440
Llama-3.2-1B-Instruct-EL-SynthDolly-E5-S73-PREFT_english_results_detailed.csv,272,168,440
Llama-3.2-1B-Instruct-EL-SynthDolly-E5-S73_english_results_detailed.csv,230,210,440
Llama-3.2-1B-Instruct-ES-SynthDolly-E1-S73-PREFT_english_results_detailed.csv,273,167,440
Llama-3.2-1B-Instruct-ES-SynthDolly-E1-S73_english_results_detailed.csv,225,215,440
Llama-3.2-1B-Instruct-ES-SynthDolly-E3-S73-PREFT_english_results_detailed.csv,266,174,440
Llama-3.2-1B-Instruct-ES-SynthDolly-E3-S73_english_results_detailed.csv,205,235,440
Llama-3.2-1B-Instruct-ES-SynthDolly-E5-S73-PREFT_english_results_detailed.csv,271,169,440
Llama-3.2-1B-Instruct-ES-SynthDolly-E5-S73_english_results_detailed.csv,204,236,440
Llama-3.2-1B-Instruct-GA-SynthDolly-E1-S73-PREFT_english_results_detailed.csv,260,180,440
Llama-3.2-1B-Instruct-GA-SynthDolly-E1-S73_english_results_detailed.csv,276,164,440
Llama-3.2-1B-Instruct-GA-SynthDolly-E3-S73-PREFT_english_results_detailed.csv,269,171,440
Llama-3.2-1B-Instruct-GA-SynthDolly-E3-S73_english_results_detailed.csv,241,199,440
Llama-3.2-1B-Instruct-GA-SynthDolly-E5-S73-PREFT_english_results_detailed.csv,260,180,440
Llama-3.2-1B-Instruct-GA-SynthDolly-E5-S73_english_results_detailed.csv,232,208,440
Llama-3.2-1B-Instruct-HI-SynthDolly-E1-S73-PREFT_english_results_detailed.csv,270,170,440
Llama-3.2-1B-Instruct-HI-SynthDolly-E1-S73_english_results_detailed.csv,214,226,440
Llama-3.2-1B-Instruct-HI-SynthDolly-E3-S73-PREFT_english_results_detailed.csv,269,171,440
Llama-3.2-1B-Instruct-HI-SynthDolly-E3-S73_english_results_detailed.csv,191,249,440
Llama-3.2-1B-Instruct-HI-SynthDolly-E5-S73-PREFT_english_results_detailed.csv,264,176,440
Llama-3.2-1B-Instruct-HI-SynthDolly-E5-S73_english_results_detailed.csv,190,250,440
Llama-3.2-1B-Instruct-PT-SynthDolly-E1-S73-PREFT_english_results_detailed.csv,272,168,440
Llama-3.2-1B-Instruct-PT-SynthDolly-E1-S73_english_results_detailed.csv,241,199,440
Llama-3.2-1B-Instruct-PT-SynthDolly-E3-S73-PREFT_english_results_detailed.csv,267,173,440
Llama-3.2-1B-Instruct-PT-SynthDolly-E3-S73_english_results_detailed.csv,196,244,440
Llama-3.2-1B-Instruct-PT-SynthDolly-E5-S73-PREFT_english_results_detailed.csv,275,165,440
Llama-3.2-1B-Instruct-PT-SynthDolly-E5-S73_english_results_detailed.csv,178,262,440
Llama-3.2-1B-Instruct-TL-SynthDolly-E1-S73-PREFT_english_results_detailed.csv,264,176,440
Llama-3.2-1B-Instruct-TL-SynthDolly-E1-S73_english_results_detailed.csv,259,181,440
Llama-3.2-1B-Instruct-TL-SynthDolly-E3-S73-PREFT_english_results_detailed.csv,268,172,440
Llama-3.2-1B-Instruct-TL-SynthDolly-E3-S73_english_results_detailed.csv,253,187,440
Llama-3.2-1B-Instruct-TL-SynthDolly-E5-S73-PREFT_english_results_detailed.csv,267,173,440
Llama-3.2-1B-Instruct-TL-SynthDolly-E5-S73_english_results_detailed.csv,241,199,440
Llama-3.2-1B-Instruct-ZH-SynthDolly-E1-S73-PREFT_english_results_detailed.csv,255,185,440
Llama-3.2-1B-Instruct-ZH-SynthDolly-E1-S73_english_results_detailed.csv,245,195,440
Llama-3.2-1B-Instruct-ZH-SynthDolly-E3-S73-PREFT_english_results_detailed.csv,264,176,440
Llama-3.2-1B-Instruct-ZH-SynthDolly-E3-S73_english_results_detailed.csv,230,210,440
Llama-3.2-1B-Instruct-ZH-SynthDolly-E5-S73-PREFT_english_results_detailed.csv,273,167,440
Llama-3.2-1B-Instruct-ZH-SynthDolly-E5-S73_english_results_detailed.csv,230,210,440
Llama-3.2-3B-Instruct-DA-SynthDolly-E1-S73-PREFT_english_results_detailed.csv,286,154,440
Llama-3.2-3B-Instruct-DA-SynthDolly-E1-S73_english_results_detailed.csv,270,170,440
Llama-3.2-3B-Instruct-DA-SynthDolly-E3-S73-PREFT_english_results_detailed.csv,286,154,440
Llama-3.2-3B-Instruct-DA-SynthDolly-E3-S73_english_results_detailed.csv,255,185,440
Llama-3.2-3B-Instruct-DA-SynthDolly-E5-S73-PREFT_english_results_detailed.csv,277,163,440
Llama-3.2-3B-Instruct-DA-SynthDolly-E5-S73_english_results_detailed.csv,242,198,440
Llama-3.2-3B-Instruct-EL-SynthDolly-E1-S73-PREFT_english_results_detailed.csv,292,148,440
Llama-3.2-3B-Instruct-EL-SynthDolly-E1-S73_english_results_detailed.csv,274,166,440
Llama-3.2-3B-Instruct-EL-SynthDolly-E3-S73-PREFT_english_results_detailed.csv,299,141,440
Llama-3.2-3B-Instruct-EL-SynthDolly-E3-S73_english_results_detailed.csv,261,179,440
Llama-3.2-3B-Instruct-ES-SynthDolly-E1-S73-PREFT_english_results_detailed.csv,291,149,440
Llama-3.2-3B-Instruct-ES-SynthDolly-E1-S73_english_results_detailed.csv,278,162,440
Llama-3.2-3B-Instruct-ES-SynthDolly-E3-S73-PREFT_english_results_detailed.csv,295,145,440
Llama-3.2-3B-Instruct-ES-SynthDolly-E3-S73_english_results_detailed.csv,265,175,440
Llama-3.2-3B-Instruct-GA-SynthDolly-E1-S73-PREFT_english_results_detailed.csv,280,160,440
Llama-3.2-3B-Instruct-GA-SynthDolly-E1-S73_english_results_detailed.csv,289,151,440
Llama-3.2-3B-Instruct-GA-SynthDolly-E3-S73-PREFT_english_results_detailed.csv,291,149,440
Llama-3.2-3B-Instruct-GA-SynthDolly-E3-S73_english_results_detailed.csv,276,164,440
Llama-3.2-3B-Instruct-HI-SynthDolly-E1-S73-PREFT_english_results_detailed.csv,305,135,440
Llama-3.2-3B-Instruct-HI-SynthDolly-E1-S73_english_results_detailed.csv,276,164,440
Llama-3.2-3B-Instruct-HI-SynthDolly-E3-S73-PREFT_english_results_detailed.csv,288,152,440
Llama-3.2-3B-Instruct-HI-SynthDolly-E3-S73_english_results_detailed.csv,261,179,440
Llama-3.2-3B-Instruct-HI-SynthDolly-E5-S73-PREFT_english_results_detailed.csv,284,156,440
Llama-3.2-3B-Instruct-HI-SynthDolly-E5-S73_english_results_detailed.csv,266,174,440
Llama-3.2-3B-Instruct-PT-SynthDolly-E1-S73-PREFT_english_results_detailed.csv,280,160,440
Llama-3.2-3B-Instruct-PT-SynthDolly-E1-S73_english_results_detailed.csv,260,180,440
Llama-3.2-3B-Instruct-PT-SynthDolly-E3-S73-PREFT_english_results_detailed.csv,296,144,440
Llama-3.2-3B-Instruct-PT-SynthDolly-E3-S73_english_results_detailed.csv,269,171,440
Llama-3.2-3B-Instruct-TL-SynthDolly-E1-S73-PREFT_english_results_detailed.csv,294,146,440
Llama-3.2-3B-Instruct-TL-SynthDolly-E1-S73_english_results_detailed.csv,297,143,440
Llama-3.2-3B-Instruct-TL-SynthDolly-E3-S73-PREFT_english_results_detailed.csv,304,136,440
Llama-3.2-3B-Instruct-TL-SynthDolly-E3-S73_english_results_detailed.csv,281,159,440
Llama-3.2-3B-Instruct-ZH-SynthDolly-E1-S73-PREFT_english_results_detailed.csv,297,143,440
Llama-3.2-3B-Instruct-ZH-SynthDolly-E1-S73_english_results_detailed.csv,295,145,440
Llama-3.2-3B-Instruct-ZH-SynthDolly-E3-S73-PREFT_english_results_detailed.csv,291,149,440
Llama-3.2-3B-Instruct-ZH-SynthDolly-E3-S73_english_results_detailed.csv,275,165,440
Llama-3.2-3B-Instruct-ZH-SynthDolly-E5-S73_english_results_detailed.csv,293,147,440
Qwen3-0.6B-DA-SynthDolly-E1-S73-PREFT_english_results_detailed.csv,76,364,440
Qwen3-0.6B-DA-SynthDolly-E1-S73_english_results_detailed.csv,152,288,440
Qwen3-0.6B-DA-SynthDolly-E5-S73-PREFT_english_results_detailed.csv,82,358,440
Qwen3-0.6B-DA-SynthDolly-E5-S73_english_results_detailed.csv,216,224,440
Qwen3-0.6B-EL-SynthDolly-E1-S73-PREFT_english_results_detailed.csv,78,362,440
Qwen3-0.6B-EL-SynthDolly-E1-S73_english_results_detailed.csv,359,81,440
Qwen3-0.6B-EL-SynthDolly-E3-S73-PREFT_english_results_detailed.csv,71,369,440
Qwen3-0.6B-EL-SynthDolly-E3-S73_english_results_detailed.csv,105,335,440
Qwen3-0.6B-EL-SynthDolly-E5-S73-PREFT_english_results_detailed.csv,69,371,440
Qwen3-0.6B-EL-SynthDolly-E5-S73_english_results_detailed.csv,103,337,440
Qwen3-0.6B-ES-SynthDolly-E1-S73-PREFT_english_results_detailed.csv,75,365,440
Qwen3-0.6B-ES-SynthDolly-E1-S73_english_results_detailed.csv,147,293,440
Qwen3-0.6B-ES-SynthDolly-E3-S73-PREFT_english_results_detailed.csv,81,359,440
Qwen3-0.6B-ES-SynthDolly-E3-S73_english_results_detailed.csv,125,315,440
Qwen3-0.6B-ES-SynthDolly-E5-S73-PREFT_english_results_detailed.csv,74,366,440
Qwen3-0.6B-ES-SynthDolly-E5-S73_english_results_detailed.csv,141,299,440
Qwen3-0.6B-ES-SynthDolly-E8-S73-PREFT_english_results_detailed.csv,68,372,440
Qwen3-0.6B-ES-SynthDolly-E8-S73_english_results_detailed.csv,178,262,440
Qwen3-0.6B-GA-SynthDolly-E1-S73-PREFT_english_results_detailed.csv,81,359,440
Qwen3-0.6B-GA-SynthDolly-E1-S73_english_results_detailed.csv,228,212,440
Qwen3-0.6B-GA-SynthDolly-E3-S73-PREFT_english_results_detailed.csv,83,357,440
Qwen3-0.6B-GA-SynthDolly-E3-S73_english_results_detailed.csv,246,194,440
Qwen3-0.6B-GA-SynthDolly-E5-S73-PREFT_english_results_detailed.csv,75,365,440
Qwen3-0.6B-GA-SynthDolly-E5-S73_english_results_detailed.csv,275,165,440
Qwen3-0.6B-GA-SynthDolly-E8-S73-PREFT_english_results_detailed.csv,79,361,440
Qwen3-0.6B-GA-SynthDolly-E8-S73_english_results_detailed.csv,317,123,440
Qwen3-0.6B-HI-SynthDolly-E1-S73-PREFT_english_results_detailed.csv,75,365,440
Qwen3-0.6B-HI-SynthDolly-E1-S73_english_results_detailed.csv,247,193,440
Qwen3-0.6B-HI-SynthDolly-E3-S73-PREFT_english_results_detailed.csv,84,356,440
Qwen3-0.6B-HI-SynthDolly-E3-S73_english_results_detailed.csv,197,243,440
Qwen3-0.6B-HI-SynthDolly-E5-S73-PREFT_english_results_detailed.csv,76,364,440
Qwen3-0.6B-HI-SynthDolly-E5-S73_english_results_detailed.csv,207,233,440
Qwen3-0.6B-PT-SynthDolly-E1-S73-PREFT_english_results_detailed.csv,83,357,440
Qwen3-0.6B-PT-SynthDolly-E1-S73_english_results_detailed.csv,137,303,440
Qwen3-0.6B-PT-SynthDolly-E3-S73-PREFT_english_results_detailed.csv,83,357,440
Qwen3-0.6B-PT-SynthDolly-E3-S73_english_results_detailed.csv,161,279,440
Qwen3-0.6B-PT-SynthDolly-E5-S73-PREFT_english_results_detailed.csv,84,356,440
Qwen3-0.6B-PT-SynthDolly-E5-S73_english_results_detailed.csv,156,284,440
Qwen3-0.6B-PT-SynthDolly-E8-S73-PREFT_english_results_detailed.csv,73,367,440
Qwen3-0.6B-PT-SynthDolly-E8-S73_english_results_detailed.csv,205,235,440
Qwen3-0.6B-TL-SynthDolly-E1-S73-PREFT_english_results_detailed.csv,75,365,440
Qwen3-0.6B-TL-SynthDolly-E1-S73_english_results_detailed.csv,249,191,440
Qwen3-0.6B-TL-SynthDolly-E3-S73-PREFT_english_results_detailed.csv,72,368,440
Qwen3-0.6B-TL-SynthDolly-E3-S73_english_results_detailed.csv,199,241,440
Qwen3-0.6B-TL-SynthDolly-E5-S73-PREFT_english_results_detailed.csv,77,363,440
Qwen3-0.6B-TL-SynthDolly-E5-S73_english_results_detailed.csv,218,222,440
Qwen3-0.6B-TL-SynthDolly-E8-S73-PREFT_english_results_detailed.csv,72,368,440
Qwen3-0.6B-TL-SynthDolly-E8-S73_english_results_detailed.csv,247,193,440
Qwen3-0.6B-ZH-SynthDolly-E1-S73-PREFT_english_results_detailed.csv,73,367,440
Qwen3-0.6B-ZH-SynthDolly-E1-S73_english_results_detailed.csv,144,296,440
Qwen3-0.6B-ZH-SynthDolly-E5-S73-PREFT_english_results_detailed.csv,77,363,440
Qwen3-0.6B-ZH-SynthDolly-E5-S73_english_results_detailed.csv,109,331,440
Qwen3-14B-DA-SynthDolly-1A_english_results_detailed.csv,328,112,440
Qwen3-14B-DA-SynthDolly-E1-S73-PREFT_english_results_detailed.csv,278,162,440
Qwen3-14B-DA-SynthDolly-E1-S73_english_results_detailed.csv,325,115,440
Qwen3-14B-DA-SynthDolly-E3-S73-PREFT_english_results_detailed.csv,284,156,440
Qwen3-14B-DA-SynthDolly-E3-S73_english_results_detailed.csv,365,75,440
Qwen3-14B-EL-SynthDolly-1A_english_results_detailed.csv,315,125,440
Qwen3-14B-EL-SynthDolly-E1-S73-PREFT_english_results_detailed.csv,275,165,440
Qwen3-14B-EL-SynthDolly-E1-S73_english_results_detailed.csv,319,121,440
Qwen3-14B-EL-SynthDolly-E3-S73-PREFT_english_results_detailed.csv,287,153,440
Qwen3-14B-EL-SynthDolly-E3-S73_english_results_detailed.csv,336,104,440
Qwen3-14B-ES-SynthDolly-1A_english_results_detailed.csv,327,113,440
Qwen3-14B-ES-SynthDolly-E1-S73-PREFT_english_results_detailed.csv,274,166,440
Qwen3-14B-ES-SynthDolly-E1-S73_english_results_detailed.csv,327,113,440
Qwen3-14B-ES-SynthDolly-E3-S73-PREFT_english_results_detailed.csv,281,159,440
Qwen3-14B-ES-SynthDolly-E3-S73_english_results_detailed.csv,329,111,440
Qwen3-14B-GA-SynthDolly-1A_english_results_detailed.csv,364,76,440
Qwen3-14B-GA-SynthDolly-E3-S73-PREFT_english_results_detailed.csv,284,156,440
Qwen3-14B-GA-SynthDolly-E3-S73_english_results_detailed.csv,387,53,440
Qwen3-14B-HI-SynthDolly-1A_english_results_detailed.csv,306,134,440
Qwen3-14B-HI-SynthDolly-E1-S73-PREFT_english_results_detailed.csv,276,164,440
Qwen3-14B-HI-SynthDolly-E1-S73_english_results_detailed.csv,293,147,440
Qwen3-14B-HI-SynthDolly-E3-S73-PREFT_english_results_detailed.csv,277,163,440
Qwen3-14B-HI-SynthDolly-E3-S73_english_results_detailed.csv,319,121,440
Qwen3-14B-PT-SynthDolly-1A_english_results_detailed.csv,331,109,440
Qwen3-14B-PT-SynthDolly-E1-S73-PREFT_english_results_detailed.csv,284,156,440
Qwen3-14B-PT-SynthDolly-E1-S73_english_results_detailed.csv,320,120,440
Qwen3-14B-PT-SynthDolly-E3-S73-PREFT_english_results_detailed.csv,276,164,440
Qwen3-14B-PT-SynthDolly-E3-S73_english_results_detailed.csv,328,112,440
Qwen3-14B-TL-SynthDolly-1A_english_results_detailed.csv,312,128,440
Qwen3-14B-TL-SynthDolly-E1-S73-PREFT_english_results_detailed.csv,285,155,440
Qwen3-14B-TL-SynthDolly-E1-S73_english_results_detailed.csv,298,142,440
Qwen3-14B-TL-SynthDolly-E3-S73-PREFT_english_results_detailed.csv,282,158,440
Qwen3-14B-TL-SynthDolly-E3-S73_english_results_detailed.csv,357,83,440
Qwen3-14B-ZH-SynthDolly-1A_english_results_detailed.csv,338,102,440
Qwen3-14B-ZH-SynthDolly-E1-S73-PREFT_english_results_detailed.csv,283,157,440
Qwen3-14B-ZH-SynthDolly-E1-S73_english_results_detailed.csv,324,116,440
Qwen3-14B-ZH-SynthDolly-E3-S73-PREFT_english_results_detailed.csv,287,153,440
Qwen3-14B-ZH-SynthDolly-E3-S73_english_results_detailed.csv,350,90,440
Qwen3-32B-DA-SynthDolly-1A_english_results_detailed.csv,272,168,440
Qwen3-32B-EL-SynthDolly-1A_english_results_detailed.csv,239,201,440
Qwen3-32B-ES-SynthDolly-1A_english_results_detailed.csv,289,151,440
Qwen3-32B-GA-SynthDolly-1A_english_results_detailed.csv,275,165,440
Qwen3-32B-HI-SynthDolly-1A_english_results_detailed.csv,261,179,440
Qwen3-32B-PT-SynthDolly-1A_english_results_detailed.csv,307,133,440
Qwen3-32B-TL-SynthDolly-1A_english_results_detailed.csv,267,173,440
Qwen3-32B-ZH-SynthDolly-1A_english_results_detailed.csv,363,77,440
Qwen3-4B-DA-SynthDolly-E1-S73-PREFT_english_results_detailed.csv,267,173,440
Qwen3-4B-DA-SynthDolly-E1-S73_english_results_detailed.csv,303,137,440
Qwen3-4B-DA-SynthDolly-E3-S73-PREFT_english_results_detailed.csv,261,179,440
Qwen3-4B-DA-SynthDolly-E3-S73_english_results_detailed.csv,318,122,440
Qwen3-4B-DA-SynthDolly-E5-S73-PREFT_english_results_detailed.csv,260,180,440
Qwen3-4B-DA-SynthDolly-E5-S73_english_results_detailed.csv,302,138,440
Qwen3-4B-DA-SynthDolly-E8-S73-PREFT_english_results_detailed.csv,265,175,440
Qwen3-4B-DA-SynthDolly-E8-S73_english_results_detailed.csv,311,129,440
Qwen3-4B-EL-SynthDolly-E1-S73-PREFT_english_results_detailed.csv,265,175,440
Qwen3-4B-EL-SynthDolly-E1-S73_english_results_detailed.csv,421,19,440
Qwen3-4B-EL-SynthDolly-E3-S73-PREFT_english_results_detailed.csv,270,170,440
Qwen3-4B-EL-SynthDolly-E3-S73_english_results_detailed.csv,416,24,440
Qwen3-4B-EL-SynthDolly-E8-S73-PREFT_english_results_detailed.csv,264,176,440
Qwen3-4B-EL-SynthDolly-E8-S73_english_results_detailed.csv,371,69,440
Qwen3-4B-ES-SynthDolly-E1-S73-PREFT_english_results_detailed.csv,258,182,440
Qwen3-4B-ES-SynthDolly-E1-S73_english_results_detailed.csv,302,138,440
Qwen3-4B-ES-SynthDolly-E3-S73-PREFT_english_results_detailed.csv,273,167,440
Qwen3-4B-ES-SynthDolly-E3-S73_english_results_detailed.csv,292,148,440
Qwen3-4B-ES-SynthDolly-E5-S73-PREFT_english_results_detailed.csv,257,183,440
Qwen3-4B-ES-SynthDolly-E5-S73_english_results_detailed.csv,267,173,440
Qwen3-4B-ES-SynthDolly-E8-S73-PREFT_english_results_detailed.csv,267,173,440
Qwen3-4B-ES-SynthDolly-E8-S73_english_results_detailed.csv,362,78,440
Qwen3-4B-GA-SynthDolly-E1-S73-PREFT_english_results_detailed.csv,264,176,440
Qwen3-4B-GA-SynthDolly-E1-S73_english_results_detailed.csv,352,88,440
Qwen3-4B-GA-SynthDolly-E3-S73-PREFT_english_results_detailed.csv,270,170,440
Qwen3-4B-GA-SynthDolly-E3-S73_english_results_detailed.csv,367,73,440
Qwen3-4B-GA-SynthDolly-E5-S73-PREFT_english_results_detailed.csv,267,173,440
Qwen3-4B-GA-SynthDolly-E5-S73_english_results_detailed.csv,366,74,440
Qwen3-4B-GA-SynthDolly-E8-S73-PREFT_english_results_detailed.csv,273,167,440
Qwen3-4B-GA-SynthDolly-E8-S73_english_results_detailed.csv,373,67,440
Qwen3-4B-HI-SynthDolly-E1-S73-PREFT_english_results_detailed.csv,270,170,440
Qwen3-4B-HI-SynthDolly-E1-S73_english_results_detailed.csv,277,163,440
Qwen3-4B-HI-SynthDolly-E3-S73-PREFT_english_results_detailed.csv,256,184,440
Qwen3-4B-HI-SynthDolly-E3-S73_english_results_detailed.csv,323,117,440
Qwen3-4B-HI-SynthDolly-E5-S73-PREFT_english_results_detailed.csv,267,173,440
Qwen3-4B-HI-SynthDolly-E5-S73_english_results_detailed.csv,360,80,440
Qwen3-4B-HI-SynthDolly-E8-S73-PREFT_english_results_detailed.csv,271,169,440
Qwen3-4B-HI-SynthDolly-E8-S73_english_results_detailed.csv,355,85,440
Qwen3-4B-PT-SynthDolly-E1-S73-PREFT_english_results_detailed.csv,265,175,440
Qwen3-4B-PT-SynthDolly-E1-S73_english_results_detailed.csv,301,139,440
Qwen3-4B-PT-SynthDolly-E3-S73-PREFT_english_results_detailed.csv,260,180,440
Qwen3-4B-PT-SynthDolly-E3-S73_english_results_detailed.csv,297,143,440
Qwen3-4B-PT-SynthDolly-E5-S73-PREFT_english_results_detailed.csv,268,172,440
Qwen3-4B-PT-SynthDolly-E5-S73_english_results_detailed.csv,248,192,440
Qwen3-4B-PT-SynthDolly-E8-S73-PREFT_english_results_detailed.csv,259,181,440
Qwen3-4B-PT-SynthDolly-E8-S73_english_results_detailed.csv,299,141,440
Qwen3-4B-TL-SynthDolly-E1-S73-PREFT_english_results_detailed.csv,271,169,440
Qwen3-4B-TL-SynthDolly-E1-S73_english_results_detailed.csv,362,78,440
Qwen3-4B-TL-SynthDolly-E3-S73-PREFT_english_results_detailed.csv,265,175,440
Qwen3-4B-TL-SynthDolly-E3-S73_english_results_detailed.csv,368,72,440
Qwen3-4B-TL-SynthDolly-E5-S73-PREFT_english_results_detailed.csv,272,168,440
Qwen3-4B-TL-SynthDolly-E5-S73_english_results_detailed.csv,381,59,440
Qwen3-4B-TL-SynthDolly-E8-S73-PREFT_english_results_detailed.csv,261,179,440
Qwen3-4B-TL-SynthDolly-E8-S73_english_results_detailed.csv,400,40,440
Qwen3-4B-ZH-SynthDolly-E1-S73-PREFT_english_results_detailed.csv,275,165,440
Qwen3-4B-ZH-SynthDolly-E1-S73_english_results_detailed.csv,238,202,440
Qwen3-4B-ZH-SynthDolly-E3-S73-PREFT_english_results_detailed.csv,268,172,440
Qwen3-4B-ZH-SynthDolly-E3-S73_english_results_detailed.csv,261,179,440
Qwen3-4B-ZH-SynthDolly-E5-S73-PREFT_english_results_detailed.csv,257,183,440
Qwen3-4B-ZH-SynthDolly-E5-S73_english_results_detailed.csv,272,168,440
Qwen3-8B-DA-SynthDolly-1A_english_results_detailed.csv,312,128,440
Qwen3-8B-DA-SynthDolly-E1-S73-PREFT_english_results_detailed.csv,268,172,440
Qwen3-8B-DA-SynthDolly-E1-S73_english_results_detailed.csv,312,128,440
Qwen3-8B-DA-SynthDolly-E3-S73-PREFT_english_results_detailed.csv,274,166,440
Qwen3-8B-DA-SynthDolly-E3-S73_english_results_detailed.csv,317,123,440
Qwen3-8B-EL-SynthDolly-1A_english_results_detailed.csv,294,146,440
Qwen3-8B-EL-SynthDolly-E1-S73-PREFT_english_results_detailed.csv,279,161,440
Qwen3-8B-EL-SynthDolly-E1-S73_english_results_detailed.csv,291,149,440
Qwen3-8B-EL-SynthDolly-E3-S73-PREFT_english_results_detailed.csv,260,180,440
Qwen3-8B-EL-SynthDolly-E3-S73_english_results_detailed.csv,370,70,440
Qwen3-8B-ES-SynthDolly-1A_english_results_detailed.csv,314,126,440
Qwen3-8B-ES-SynthDolly-E1-S73-PREFT_english_results_detailed.csv,270,170,440
Qwen3-8B-ES-SynthDolly-E1-S73_english_results_detailed.csv,302,138,440
Qwen3-8B-ES-SynthDolly-E3-S73-PREFT_english_results_detailed.csv,270,170,440
Qwen3-8B-ES-SynthDolly-E3-S73_english_results_detailed.csv,284,156,440
Qwen3-8B-GA-SynthDolly-1A_english_results_detailed.csv,292,148,440
Qwen3-8B-GA-SynthDolly-E1-S73-PREFT_english_results_detailed.csv,268,172,440
Qwen3-8B-GA-SynthDolly-E1-S73_english_results_detailed.csv,265,175,440
Qwen3-8B-GA-SynthDolly-E3-S73-PREFT_english_results_detailed.csv,272,168,440
Qwen3-8B-GA-SynthDolly-E3-S73_english_results_detailed.csv,313,127,440
Qwen3-8B-HI-SynthDolly-1A_english_results_detailed.csv,316,124,440
Qwen3-8B-HI-SynthDolly-E1-S73-PREFT_english_results_detailed.csv,272,168,440
Qwen3-8B-HI-SynthDolly-E1-S73_english_results_detailed.csv,277,163,440
Qwen3-8B-HI-SynthDolly-E3-S73-PREFT_english_results_detailed.csv,264,176,440
Qwen3-8B-HI-SynthDolly-E3-S73_english_results_detailed.csv,286,154,440
Qwen3-8B-PT-SynthDolly-1A_english_results_detailed.csv,286,154,440
Qwen3-8B-PT-SynthDolly-E1-S73-PREFT_english_results_detailed.csv,264,176,440
Qwen3-8B-PT-SynthDolly-E1-S73_english_results_detailed.csv,296,144,440
Qwen3-8B-PT-SynthDolly-E3-S73-PREFT_english_results_detailed.csv,269,171,440
Qwen3-8B-PT-SynthDolly-E3-S73_english_results_detailed.csv,288,152,440
Qwen3-8B-TL-SynthDolly-1A_english_results_detailed.csv,299,141,440
Qwen3-8B-TL-SynthDolly-E1-S73-PREFT_english_results_detailed.csv,268,172,440
Qwen3-8B-TL-SynthDolly-E1-S73_english_results_detailed.csv,325,115,440
Qwen3-8B-TL-SynthDolly-E3-S73-PREFT_english_results_detailed.csv,272,168,440
Qwen3-8B-TL-SynthDolly-E3-S73_english_results_detailed.csv,358,82,440
Qwen3-8B-ZH-SynthDolly-1A_english_results_detailed.csv,361,79,440
Qwen3-8B-ZH-SynthDolly-E1-S73-PREFT_english_results_detailed.csv,267,173,440
Qwen3-8B-ZH-SynthDolly-E1-S73_english_results_detailed.csv,339,101,440
Qwen3-8B-ZH-SynthDolly-E3-S73-PREFT_english_results_detailed.csv,266,174,440
Qwen3-8B-ZH-SynthDolly-E3-S73_english_results_detailed.csv,301,139,440
llama-3.1-8b-DA-SynthDolly-1A_english_results_detailed.csv,339,101,440
llama-3.1-8b-EL-SynthDolly-1A_english_results_detailed.csv,355,85,440
llama-3.1-8b-ES-SynthDolly-1A_english_results_detailed.csv,327,113,440
llama-3.1-8b-GA-SynthDolly-1A_english_results_detailed.csv,329,110,440
llama-3.1-8b-HI-SynthDolly-1A_english_results_detailed.csv,332,108,440
llama-3.1-8b-PT-SynthDolly-1A_english_results_detailed.csv,330,110,440
llama-3.1-8b-TL-SynthDolly-1A_english_results_detailed.csv,352,88,440
llama-3.1-8b-ZH-SynthDolly-1A_english_results_detailed.csv,357,83,440
